"ProvinceID","Name","Male U","Female U","Total U","Male R","Female R","Total R","Male","Female","Total"
"1","Attock","86","69","77","82","55","68","83","59","71"
"1","Bahawalnagar","71","56","64","62","41","52","64","44","54"
"1","Bahawalpur","77","66","71","55","33","44","63","43","53"
"1","Bhakhar","79","60","69","69","40","55","71","43","57"
"1","Chakwal","83","78","81","88","68","78","87","70","78"
"1","Chiniot","71","53","62","65","33","49","67","40","53"
"1","D.G.khan","76","57","66","56","25","41","60","31","46"
"1","Faisalabad","80","73","77","71","57","64","75","65","70"
"1","Gujranwala","82","80","81","73","67","70","78","75","77"
"1","Gujrat","82","78","80","82","72","76","82","73","78"
"1","Hafizabad","78","70","74","70","55","62","73","60","66"
"1","Islamabad","89","80","85","91","80","86","90","80","85"
"1","Jhelum","87","82","85","86","70","77","86","72","79"
"1","Jhang","83","75","79","73","45","59","76","53","64"
"1","Kasur","75","65","70","67","50","59","69","54","62"
"1","Khanewal","83","70","76","70","46","58","73","51","62"
"1","Khushab","82","59","70","77","41","58","78","46","61"
"1","Lahore","80","73","77","0","0","0","80","73","77"
"1","Layyah","83","65","74","76","49","63","77","52","65"
"1","Lodhran","82","61","72","60","38","50","64","42","54"
"1","Mandi Bahuddin","82","72","77","74","65","69","75","66","70"
"1","Mianwali","84","56","69","75","40","57","77","43","60"
"1","Multan","81","72","77","62","40","51","70","54","62"
"1","Muzaffar Garh","74","55","64","54","27","41","57","31","44"
"1","Nankana Sahib","75","62","69","71","58","65","72","59","66"
"1","Narowal","92","84","88","82","71","76","84","73","78"
"1","Okara","83","74","78","67","50","58","71","57","64"
"1","Pakpattan","76","63","70","61","40","50","63","43","53"
"1","Rahim Yar Khan","74","62","68","55","33","44","59","39","49"
"1","Rajanpur","77","56","67","46","21","34","51","27","40"
"1","Rawalpindi","90","81","85","88","72","80","89","76","83"
"1","Sahiwal","81","71","76","68","50","59","70","54","62"
"1","Sargodha","86","74","80","74","54","64","78","60","68"
"1","Sheikhupura","71","65","68","70","60","65","70","62","66"
"1","Sialkot","85","86","86","82","78","80","83","80","81"
"1","Toba Tek Singh","87","76","82","75","59","67","78","63","70"
"1","Vehari","83","70","76","54","38","46","59","44","52"
"2","Badin","66","40","54","39","13","27","46","20","34"
"2","Dadu","74","46","61","47","21","35","54","27","42"
"2","Ghotki","78","48","64","53","12","34","58","20","40"
"2","Hyderabad","72","63","68","63","31","48","71","58","65"
"2","Jacobabad","79","51","67","42","14","29","53","24","40"
"2","Jamshoro","82","59","71","44","15","31","57","31","45"
"2","Karachi Central","83","77","80","0","0","0","83","77","80"
"2","Karachi East","84","75","80","0","0","0","84","75","80"
"2","Karachi Malir","76","61","69","65","47","57","71","55","64"
"2","Karachi South","79","70","75","0","0","0","79","70","75"
"2","Karachi West","73","59","67","42","30","36","72","58","65"
"2","Kashmore","59","18","40","40","11","26","44","13","29"
"2","Khairpur","71","44","58","59","24","42","63","30","47"
"2","Korangi","85","78","82","0","0","0","85","78","82"
"2","Larkana","66","33","51","40","12","27","52","22","38"
"2","Matiari","77","50","65","57","32","45","62","36","50"
"2","Mir Pur Khas","77","53","66","48","18","34","56","27","42"
"2","Naushahro Feroze","84","59","72","59","27","44","63","33","48"
"2","Sanghar","76","54","66","58","21","40","63","31","47"
"2","Shahdadkot","64","26","46","38","16","28","46","19","34"
"2","Shaheed Benazirabad","72","43","58","61","22","42","64","27","46"
"2","Shikarpur","77","51","65","42","15","29","51","24","38"
"2","Sujawal","62","31","47","36","15","26","38","16","28"
"2","Sukkur","80","58","70","56","19","39","67","37","53"
"2","Tando Allah Yar","66","49","58","49","20","35","54","29","42"
"2","Tando Muhammad Khan","46","27","37","40","17","29","41","19","31"
"2","Tharparkar","56","19","40","40","11","27","41","12","28"
"2","Thatta","49","31","41","31","12","23","35","16","26"
"2","Umer Kot","77","43","61","49","14","33","56","21","40"
"2","Karachi","0","0","0","0","0","0","0","0","0"
"3","Abbottabad","94","78","86","86","63","74","88","66","77"
"3","Bajur","0","0","0","59","12","33","59","12","33"
"3","Bannu","78","70","74","74","26","51","74","27","52"
"3","Batagram","0","0","0","60","24","42","60","24","42"
"3","Buner","0","0","0","68","25","45","68","25","45"
"3","Charsadda","76","46","60","70","36","52","72","38","54"
"3","Chitral","86","55","71","73","44","59","74","45","60"
"3","D.I.Khan","75","52","64","55","17","38","59","25","44"
"3","Hangu","79","39","57","67","11","36","69","15","39"
"3","Haripur","92","77","84","81","58","69","83","61","71"
"3","Karak","92","35","65","85","36","63","85","36","63"
"3","Khyber","86","23","56","76","18","49","77","19","50"
"3","Kohat","88","62","74","76","30","51","78","35","55"
"3","Kohistan","0","0","0","60","4","32","60","4","32"
"3","Kurram","0","0","0","66","24","43","66","24","43"
"3","Lakki Marwat","92","66","79","77","25","52","78","29","55"
"3","Lower Dir","86","56","71","75","41","57","75","41","58"
"3","Malakand PA","56","48","52","78","51","65","76","51","63"
"3","Mansehra","90","66","79","76","46","60","77","47","62"
"3","Mardan","73","45","59","75","42","58","75","43","58"
"3","Mohmand","0","0","0","55","7","28","55","7","28"
"3","North Waziristan","0","0","0","70","5","43","70","5","43"
"3","Nowshera","80","53","67","72","41","57","74","44","59"
"3","Orakzai","0","0","0","75","17","46","75","17","46"
"3","Peshawar","84","57","71","71","35","54","77","45","61"
"3","Shangla","0","0","0","62","17","38","62","17","38"
"3","South Waziristan","0","0","0","55","10","36","55","10","36"
"3","Swabi","86","57","71","72","41","56","74","44","58"
"3","Swat","81","49","65","70","33","52","73","38","56"
"3","Tank","87","45","66","59","8","36","62","13","40"
"3","Tor Ghar","0","0","0","60","9","31","60","9","31"
"3","Upper Dir","78","50","65","64","25","45","65","26","46"
"4","Awaran","52","28","43","26","6","18","29","8","20"
"4","Barkhan","64","40","52","35","6","23","39","12","28"
"4","Dera Bugti","36","14","26","15","1","9","20","5","14"
"4","Duki","76","12","46","57","1","31","59","2","33"
"4","Gwadar","85","49","68","62","25","45","77","41","60"
"4","Harnai","61","32","49","42","7","26","48","14","33"
"4","Jaffarabad","67","37","53","40","9","25","49","18","35"
"4","Kachhi (Bolan)","81","51","67","53","21","38","56","25","42"
"4","Kalat","0","0","0","47","13","31","47","13","31"
"4","Ketch","77","44","61","57","22","40","64","29","47"
"4","Kharan","82","46","66","64","23","45","68","28","50"
"4","Khuzdar","0","0","0","31","6","20","31","6","20"
"4","Kohlu","96","35","71","71","33","54","75","34","57"
"4","Lasbela","55","33","46","61","28","46","58","31","46"
"4","Loralai","75","51","65","54","18","38","64","32","50"
"4","Mastung","88","50","70","69","23","49","73","29","53"
"4","Nasirabad","70","30","52","28","6","18","36","10","25"
"4","Nushki","88","50","69","75","31","55","78","35","58"
"4","Pishin","83","35","61","77","34","59","78","34","59"
"4","Qilla Abdullah","63","23","46","49","12","33","51","14","35"
"4","Qilla Saifullah","0","0","0","66","15","44","66","15","44"
"4","Quetta","74","52","64","66","33","51","70","41","57"
"4","Sheerani","0","0","0","27","0","14","27","0","14"
"4","Sibi","82","61","72","29","10","20","54","34","45"
"4","Sohbatpur","79","56","68","54","18","37","56","22","40"
"4","Washuk","39","2","20","64","40","53","60","33","47"
"4","Ziarat","71","41","58","55","20","40","55","20","40"